dist,tcr_bin,rocauc,obs_cnt,pep_cnt,rocauc_ci_low,rocauc_ci_high
1,0,0.4110438451660246,467.0,89.0,0.3719216349334705,0.445544917647922
2,0,0.5097402597402598,179.0,31.0,0.4508838383838384,0.5741025641025641
3,0,0.49584905660377354,103.0,32.0,0.42720306513409956,0.575
4,0,0.4859027745824323,834.0,130.0,0.45532832582649135,0.5172212997555463
5,0,0.49810593042349255,2507.0,416.0,0.4804055689301591,0.514578563319662
6,0,0.5236446468604319,2379.0,423.0,0.5054153793946935,0.5417134900946363
7,0,0.47822273606155435,448.0,74.0,0.43546455938697315,0.5205287962297308
8,0,0.5438432835820896,131.0,11.0,0.4616643291257597,0.6166276346604215
9,0,0.5044378698224852,52.0,4.0,0.3772189349112426,0.6299840510366825
